<?xml version="1.0" encoding="UTF-8"?>
<!DOCTYPE hibernate-configuration PUBLIC
		"-//Hibernate/Hibernate Configuration DTD 3.0//EN"
		"http://www.hibernate.org/dtd/hibernate-configuration-3.0.dtd">
<hibernate-configuration>
    <session-factory>
        <property name="hibernate.connection.driver_class">com.mysql.cj.jdbc.Driver</property>
        <property name="hibernate.connection.password">root</property>
        <property name="hibernate.connection.url">jdbc:mysql://localhost:3308/mydb</property>
        <property name="hibernate.connection.username">root</property>
       
        <property name="connection.pool_size">10</property>
		
		<property name="hibernate.hbm2ddl.auto">create</property>
		<property name="show_sql">true</property>
	
		<property name="dialect"> org.hibernate.dialect.MySQL8Dialect</property>
		
		
		<mapping resource="actor.hbm.xml"></mapping>
		<mapping resource="movies.hbm.xml"></mapping>

			
	
		
        
        
    </session-factory>
</hibernate-configuration>
